"filename", "language", "Java", "XML", "JavaScript", "HTML", "CSS", "Properties", "comment", "blank", "total"
"/Users/fushuran/IdeaProjects/springMVC/ssm-mini/src/main/java/com/mini/controller/AdminAction.java", "Java", 24, 0, 0, 0, 0, 0, 1, 7, 32
"/Users/fushuran/IdeaProjects/springMVC/ssm-mini/src/main/java/com/mini/controller/ProductInfoAction.java", "Java", 141, 0, 0, 0, 0, 0, 0, 24, 165
"/Users/fushuran/IdeaProjects/springMVC/ssm-mini/src/main/java/com/mini/listener/ProductTypeListener.java", "Java", 22, 0, 0, 0, 0, 0, 1, 11, 34
"/Users/fushuran/IdeaProjects/springMVC/ssm-mini/src/main/java/com/mini/mapper/AdminMapper.java", "Java", 18, 0, 0, 0, 0, 0, 0, 12, 30
"/Users/fushuran/IdeaProjects/springMVC/ssm-mini/src/main/java/com/mini/mapper/ProductInfoMapper.java", "Java", 21, 0, 0, 0, 0, 0, 0, 15, 36
"/Users/fushuran/IdeaProjects/springMVC/ssm-mini/src/main/java/com/mini/mapper/ProductTypeMapper.java", "Java", 18, 0, 0, 0, 0, 0, 0, 12, 30
"/Users/fushuran/IdeaProjects/springMVC/ssm-mini/src/main/java/com/mini/pojo/Admin.java", "Java", 24, 0, 0, 0, 0, 0, 0, 9, 33
"/Users/fushuran/IdeaProjects/springMVC/ssm-mini/src/main/java/com/mini/pojo/AdminExample.java", "Java", 314, 0, 0, 0, 0, 0, 0, 85, 399
"/Users/fushuran/IdeaProjects/springMVC/ssm-mini/src/main/java/com/mini/pojo/ProductInfo.java", "Java", 73, 0, 0, 0, 0, 0, 0, 26, 99
"/Users/fushuran/IdeaProjects/springMVC/ssm-mini/src/main/java/com/mini/pojo/ProductInfoExample.java", "Java", 587, 0, 0, 0, 0, 0, 0, 150, 737
"/Users/fushuran/IdeaProjects/springMVC/ssm-mini/src/main/java/com/mini/pojo/ProductType.java", "Java", 17, 0, 0, 0, 0, 0, 0, 6, 23
"/Users/fushuran/IdeaProjects/springMVC/ssm-mini/src/main/java/com/mini/pojo/ProductTypeExample.java", "Java", 258, 0, 0, 0, 0, 0, 0, 71, 329
"/Users/fushuran/IdeaProjects/springMVC/ssm-mini/src/main/java/com/mini/pojo/vo/ProductInfoVo.java", "Java", 48, 0, 0, 0, 0, 0, 0, 13, 61
"/Users/fushuran/IdeaProjects/springMVC/ssm-mini/src/main/java/com/mini/service/AdminService.java", "Java", 5, 0, 0, 0, 0, 0, 0, 4, 9
"/Users/fushuran/IdeaProjects/springMVC/ssm-mini/src/main/java/com/mini/service/ProductInfoService.java", "Java", 15, 0, 0, 0, 0, 0, 5, 14, 34
"/Users/fushuran/IdeaProjects/springMVC/ssm-mini/src/main/java/com/mini/service/ProductTypeService.java", "Java", 6, 0, 0, 0, 0, 0, 0, 4, 10
"/Users/fushuran/IdeaProjects/springMVC/ssm-mini/src/main/java/com/mini/service/impl/AdminServiceImpl.java", "Java", 28, 0, 0, 0, 0, 0, 2, 7, 37
"/Users/fushuran/IdeaProjects/springMVC/ssm-mini/src/main/java/com/mini/service/impl/ProductInfoServiceImpl.java", "Java", 54, 0, 0, 0, 0, 0, 1, 12, 67
"/Users/fushuran/IdeaProjects/springMVC/ssm-mini/src/main/java/com/mini/service/impl/ProductTypeServiceImpl.java", "Java", 17, 0, 0, 0, 0, 0, 0, 5, 22
"/Users/fushuran/IdeaProjects/springMVC/ssm-mini/src/main/java/com/mini/test/MBGTest.java", "Java", 22, 0, 0, 0, 0, 0, 0, 5, 27
"/Users/fushuran/IdeaProjects/springMVC/ssm-mini/src/main/java/com/mini/test/MyTest.java", "Java", 10, 0, 0, 0, 0, 0, 0, 3, 13
"/Users/fushuran/IdeaProjects/springMVC/ssm-mini/src/main/java/com/mini/test/SQLTest.java", "Java", 24, 0, 0, 0, 0, 0, 0, 4, 28
"/Users/fushuran/IdeaProjects/springMVC/ssm-mini/src/main/java/com/mini/utils/FileNameUtil.java", "Java", 17, 0, 0, 0, 0, 0, 0, 6, 23
"/Users/fushuran/IdeaProjects/springMVC/ssm-mini/src/main/java/com/mini/utils/MD5Util.java", "Java", 27, 0, 0, 0, 0, 0, 0, 5, 32
"/Users/fushuran/IdeaProjects/springMVC/ssm-mini/src/main/resources/applicationContext.xml", "XML", 0, 64, 0, 0, 0, 0, 0, 11, 75
"/Users/fushuran/IdeaProjects/springMVC/ssm-mini/src/main/resources/dbconfig.properties", "Properties", 0, 0, 0, 0, 0, 4, 0, 0, 4
"/Users/fushuran/IdeaProjects/springMVC/ssm-mini/src/main/resources/mapper/AdminMapper.xml", "XML", 0, 181, 0, 0, 0, 0, 0, 0, 181
"/Users/fushuran/IdeaProjects/springMVC/ssm-mini/src/main/resources/mapper/ProductInfoMapper.xml", "XML", 0, 286, 0, 0, 0, 0, 0, 0, 286
"/Users/fushuran/IdeaProjects/springMVC/ssm-mini/src/main/resources/mapper/ProductTypeMapper.xml", "XML", 0, 164, 0, 0, 0, 0, 0, 0, 164
"/Users/fushuran/IdeaProjects/springMVC/ssm-mini/src/main/resources/mybatis-config.xml", "XML", 0, 15, 0, 0, 0, 0, 0, 3, 18
"/Users/fushuran/IdeaProjects/springMVC/ssm-mini/src/main/resources/springMVC.xml", "XML", 0, 25, 0, 0, 0, 0, 0, 8, 33
"/Users/fushuran/IdeaProjects/springMVC/ssm-mini/src/main/webapp/WEB-INF/web.xml", "XML", 0, 54, 0, 0, 0, 0, 0, 7, 61
"/Users/fushuran/IdeaProjects/springMVC/ssm-mini/src/main/webapp/admin/addproduct.jsp", "HTML", 0, 0, 0, 121, 0, 0, 0, 12, 133
"/Users/fushuran/IdeaProjects/springMVC/ssm-mini/src/main/webapp/admin/err.jsp", "HTML", 0, 0, 0, 35, 0, 0, 0, 7, 42
"/Users/fushuran/IdeaProjects/springMVC/ssm-mini/src/main/webapp/admin/login.jsp", "HTML", 0, 0, 0, 49, 0, 0, 0, 6, 55
"/Users/fushuran/IdeaProjects/springMVC/ssm-mini/src/main/webapp/admin/main.jsp", "HTML", 0, 0, 0, 58, 0, 0, 0, 9, 67
"/Users/fushuran/IdeaProjects/springMVC/ssm-mini/src/main/webapp/admin/product.jsp", "HTML", 0, 0, 0, 250, 0, 0, 1, 32, 283
"/Users/fushuran/IdeaProjects/springMVC/ssm-mini/src/main/webapp/admin/regist.jsp", "HTML", 0, 0, 0, 48, 0, 0, 0, 5, 53
"/Users/fushuran/IdeaProjects/springMVC/ssm-mini/src/main/webapp/admin/update.jsp", "HTML", 0, 0, 0, 127, 0, 0, 0, 15, 142
"/Users/fushuran/IdeaProjects/springMVC/ssm-mini/src/main/webapp/index.jsp", "HTML", 0, 0, 0, 15, 0, 0, 0, 2, 17
"/Users/fushuran/IdeaProjects/springMVC/ssm-mini/src/main/webapp/static/css/addBook.css", "CSS", 0, 0, 0, 0, 61, 0, 6, 10, 77
"/Users/fushuran/IdeaProjects/springMVC/ssm-mini/src/main/webapp/static/css/bootstrap-theme.css", "CSS", 0, 0, 0, 0, 581, 0, 6, 1, 588
"/Users/fushuran/IdeaProjects/springMVC/ssm-mini/src/main/webapp/static/css/bootstrap-theme.min.css", "CSS", 0, 0, 0, 0, 1, 0, 5, 0, 6
"/Users/fushuran/IdeaProjects/springMVC/ssm-mini/src/main/webapp/static/css/bootstrap.css", "CSS", 0, 0, 0, 0, 6742, 0, 8, 8, 6758
"/Users/fushuran/IdeaProjects/springMVC/ssm-mini/src/main/webapp/static/css/bootstrap.min.css", "CSS", 0, 0, 0, 0, 5195, 0, 9, 947, 6151
"/Users/fushuran/IdeaProjects/springMVC/ssm-mini/src/main/webapp/static/css/bright.css", "CSS", 0, 0, 0, 0, 51, 0, 1, 7, 59
"/Users/fushuran/IdeaProjects/springMVC/ssm-mini/src/main/webapp/static/css/index.css", "CSS", 0, 0, 0, 0, 127, 0, 15, 21, 163
"/Users/fushuran/IdeaProjects/springMVC/ssm-mini/src/main/webapp/static/css/login.css", "CSS", 0, 0, 0, 0, 57, 0, 3, 10, 70
"/Users/fushuran/IdeaProjects/springMVC/ssm-mini/src/main/webapp/static/css/main.css", "CSS", 0, 0, 0, 0, 18, 0, 0, 2, 20
"/Users/fushuran/IdeaProjects/springMVC/ssm-mini/src/main/webapp/static/css/style.css", "CSS", 0, 0, 0, 0, 4, 0, 0, 0, 4
"/Users/fushuran/IdeaProjects/springMVC/ssm-mini/src/main/webapp/static/fonts/glyphicons-halflings-regular.svg", "XML", 0, 288, 0, 0, 0, 0, 0, 0, 288
"/Users/fushuran/IdeaProjects/springMVC/ssm-mini/src/main/webapp/static/js/ajaxfileupload.js", "JavaScript", 0, 0, 158, 0, 0, 0, 21, 22, 201
"/Users/fushuran/IdeaProjects/springMVC/ssm-mini/src/main/webapp/static/js/bootstrap.js", "JavaScript", 0, 0, 1597, 0, 0, 0, 198, 583, 2378
"/Users/fushuran/IdeaProjects/springMVC/ssm-mini/src/main/webapp/static/js/jquery-1.8.0.min.js", "JavaScript", 0, 0, 1, 0, 0, 0, 1, 0, 2
"/Users/fushuran/IdeaProjects/springMVC/ssm-mini/src/main/webapp/static/js/jquery-3.3.1.js", "JavaScript", 0, 0, 6689, 0, 0, 0, 1725, 1951, 10365
"/Users/fushuran/IdeaProjects/springMVC/ssm-mini/src/main/webapp/static/js/jquery.js", "JavaScript", 0, 0, 1, 0, 0, 0, 1, 0, 2
"/Users/fushuran/IdeaProjects/springMVC/ssm-mini/src/main/webapp/static/js/myjs.js", "JavaScript", 0, 0, 1, 0, 0, 0, 0, 0, 1
"/Users/fushuran/IdeaProjects/springMVC/ssm-mini/src/main/webapp/static/js/npm.js", "JavaScript", 0, 0, 12, 0, 0, 0, 1, 0, 13
"Total", "-", 1790, 1077, 8459, 703, 12837, 4, 2011, 4189, 31070